configuration,iter_0,average
16,0.34989893436431885,0.34989893436431885
"16, 32",0.523914098739624,0.523914098739624
"48, 96",0.5720127820968628,0.5720127820968628
"64, 128",0.552940845489502,0.552940845489502
"16, 32, 64",0.5463523268699646,0.5463523268699646
"48, 96, 192",0.5064267516136169,0.5064267516136169
