configuration,iter_0,average
16,0.4390776753425598,0.4390776753425598
"16, 32",0.6506346464157104,0.6506346464157104
"48, 96",0.8133416771888733,0.8133416771888733
"64, 128",0.758997917175293,0.758997917175293
"16, 32, 64",0.6263209581375122,0.6263209581375122
"48, 96, 192",0.6267472505569458,0.6267472505569458
