configuration,iter_0,iter_1,iter_2,iter_3,iter_4,iter_5,iter_6,iter_7,iter_8,iter_9,average
16,0.9378571510314941,0.9170836210250854,0.9378571510314941,0.9172019958496094,0.9172019958496094,0.9585714340209961,0.9378571510314941,0.8965762853622437,0.9378571510314941,0.9172019958496094,0.9275266528129578
"16, 32",0.7931526303291321,0.8758029937744141,0.7930049896240234,0.8758029937744141,0.8758915662765503,0.8344039916992188,0.8758029937744141,0.8342857360839844,0.8963545560836792,0.8757143020629883,0.8530217409133911
"48, 96",0.979285717010498,0.9585714340209961,0.979285717010498,0.979285717010498,0.979285717010498,0.979285717010498,1.0,1.0,0.979285717010498,0.979285717010498,0.981357216835022
"64, 128",0.979285717010498,0.9378571510314941,0.8963545560836792,0.9378571510314941,0.9378127455711365,0.9378571510314941,0.979285717010498,0.9585714340209961,0.979285717010498,0.9585714340209961,0.950273871421814
"16, 32, 64",0.792412281036377,0.8134381771087646,0.8548963665962219,0.7928571701049805,0.8135714530944824,0.8339298367500305,0.8344039916992188,0.8135714530944824,0.8346400260925293,0.8551034927368164,0.8238824605941772
"48, 96, 192",0.9585714340209961,0.9378571510314941,0.9378127455711365,0.8756254315376282,0.8550000190734863,0.9378127455711365,0.9378571510314941,0.8756254315376282,0.9171428680419922,0.9378571510314941,0.9171161651611328
