regularization,iter_0,average
0.1,0.9172019958496094,0.9172019958496094
0.01,0.9172610640525818,0.9172610640525818
0.001,0.9171428680419922,0.9171428680419922
0.0001,0.9171428680419922,0.9171428680419922
0.00001,0.9171428680419922,0.9171428680419922
