regularization,iter_0,average
0.1,0.9335718154907227,0.9335718154907227
0.01,0.950127899646759,0.950127899646759
0.001,0.9002557396888733,0.9002557396888733
0.0001,0.8504219055175781,0.8504219055175781
0.00001,0.9502170085906982,0.9502170085906982
