regularization,iter_0,iter_1,iter_2,iter_3,iter_4,iter_5,iter_6,iter_7,iter_8,iter_9,average
0.1,0.9004594087600708,0.9003831148147583,0.9003831148147583,0.9003322124481201,0.900306761264801,0.9169859290122986,0.900306761264801,0.8671435713768005,0.9501661062240601,0.9005101919174194,0.903697669506073
0.01,0.8670756816864014,0.9003831148147583,0.8837506771087646,0.8504601120948792,0.8506128787994385,0.8007662892341614,0.8672792315483093,0.9169647693634033,0.8672453165054321,0.8835423588752747,0.8688079714775085
0.001,0.8838396668434143,0.9003831148147583,0.9003576636314392,0.9169434905052185,0.8506891131401062,0.8837209343910217,0.8507272005081177,0.900306761264801,0.8836614489555359,0.9003322124481201,0.887096107006073
0.0001,0.900306761264801,0.8338870406150818,0.8171355724334717,0.8507653474807739,0.833759605884552,0.883631706237793,0.8503836393356323,0.8336745500564575,0.8336745500564575,0.8339294791221619,0.8471147418022156
0.00001,0.8671096563339233,0.9169222712516785,0.7843837738037109,0.7839979529380798,0.9335718154907227,0.8504983186721802,0.9169435501098633,0.8838099837303162,0.9170283079147339,0.883780300617218,0.8738045692443848
