predictor,iter_0,average
1 layer,0.43465495109558105,0.43465495109558105
2 layers,0.4277162551879883,0.4277162551879883
3 layers,0.4023764133453369,0.4023764133453369
4 layers,0.41882455348968506,0.41882455348968506
