predictor,iter_0,average
1 layer,0.43423211574554443,0.43423211574554443
2 layers,0.49741536378860474,0.49741536378860474
3 layers,0.6327177286148071,0.6327177286148071
4 layers,0.5673409700393677,0.5673409700393677
