configuration,iter_0,iter_1,iter_2,iter_3,iter_4,iter_5,iter_6,iter_7,iter_8,iter_9,average
16,0.8756254315376282,0.8757143020629883,0.8963545560836792,0.8548963069915771,0.8964285850524902,0.8548963665962219,0.8965024948120117,0.9585714340209961,0.8550000190734863,0.8757143020629883,0.8839704394340515
"16, 32",0.8758029937744141,0.8548963665962219,0.8340486288070679,0.7925608158111572,0.8547925353050232,0.8137044906616211,0.9378127455711365,0.8963545560836792,0.8757143020629883,0.8757143020629883,0.8611401319503784
"48, 96",0.8346400260925293,0.9172019958496094,0.9378571510314941,0.9585714340209961,0.9378571510314941,0.9585418105125427,0.9172019958496094,0.9378571510314941,0.9378127455711365,0.9585714340209961,0.929611325263977
"64, 128",0.8757143020629883,0.9585714340209961,0.9378571510314941,0.9585418105125427,0.979285717010498,0.9377682209014893,0.9585418105125427,0.9378127455711365,0.9378127455711365,0.9586009979248047,0.944050669670105
"16, 32, 64",0.792412281036377,0.8134381771087646,0.7716535329818726,0.7508947849273682,0.7716535329818726,0.7299426794052124,0.792412281036377,0.8131710886955261,0.8342857360839844,0.792412281036377,0.7862276434898376
"48, 96, 192",0.8552068471908569,0.8965024948120117,0.8758029937744141,0.8964285850524902,0.8963545560836792,0.8758029937744141,0.8550000190734863,0.9585714340209961,0.9171428680419922,0.8758029937744141,0.8902616500854492
