configuration,iter_0,average
16,0.8964285850524902,0.8964285850524902
"16, 32",0.8552068471908569,0.8552068471908569
"48, 96",0.937901496887207,0.937901496887207
"64, 128",1.0,1.0
"16, 32, 64",0.792412281036377,0.792412281036377
"48, 96, 192",0.8756254315376282,0.8756254315376282
