configuration,iter_0,iter_1,iter_2,iter_3,iter_4,iter_5,iter_6,iter_7,iter_8,iter_9,average
32,0.9586009979248047,0.9378571510314941,0.9585714340209961,0.9378571510314941,0.979285717010498,0.9585714340209961,0.9586009979248047,0.9172019958496094,0.9378571510314941,0.9172019958496094,0.946160614490509
64,0.9793004989624023,0.979285717010498,1.0,1.0,0.9585714340209961,0.979285717010498,0.9585714340209961,0.9585714340209961,0.9586009979248047,0.979285717010498,0.9751472473144531
128,0.979285717010498,0.9793004989624023,0.9585714340209961,1.0,0.9793004989624023,0.979285717010498,1.0,0.979285717010498,1.0,0.979285717010498,0.9834316372871399
"128, 256",0.9378571510314941,0.9378571510314941,0.9585714340209961,0.9585714340209961,0.9585714340209961,0.9378127455711365,0.9171428680419922,0.9585714340209961,0.9586009979248047,0.9585714340209961,0.9482128024101257
"128, 256, 512",0.9585714340209961,0.979285717010498,1.0,1.0,0.9793004989624023,0.9793004989624023,0.9793004989624023,0.9793004989624023,0.9585714340209961,0.9586009979248047,0.9772232174873352
"128, 256, 512, 1024",0.979285717010498,0.979285717010498,0.8962804079055786,0.9585714340209961,0.979285717010498,0.9585714340209961,0.979285717010498,0.979285717010498,0.979285717010498,0.979285717010498,0.9668422937393188
"128, 256, 512, 1024, 2048",0.937901496887207,0.8964285850524902,0.6888412237167358,0.9378571510314941,0.8965762853622437,0.8756254315376282,0.9170836210250854,0.9378571510314941,0.9171428680419922,0.8550000190734863,0.8860313296318054
