configuration,iter_0,iter_1,iter_2,iter_3,iter_4,iter_5,iter_6,iter_7,iter_8,iter_9,average
16,0.8173691034317017,0.8175089359283447,0.8175554871559143,0.8344370722770691,0.7846585512161255,0.8508414030075073,0.8339294791221619,0.8342682123184204,0.7846035957336426,0.8009696006774902,0.8176141977310181
"16, 32",0.7502561211585999,0.7011494636535645,0.7670847177505493,0.7337429523468018,0.7668460011482239,0.7348291873931885,0.7171018719673157,0.7168118953704834,0.7839979529380798,0.8337171077728271,0.7505537271499634
"48, 96",0.8502687215805054,0.8670076727867126,0.883512556552887,0.88360196352005,0.9169647693634033,0.8670756816864014,0.8338021039962769,0.8835721611976624,0.900306761264801,0.9335038661956787,0.8819616436958313
"64, 128",0.9501661062240601,0.9168797731399536,0.9501661062240601,0.9335208535194397,0.9335548281669617,0.9003831148147583,0.9335038661956787,0.950127899646759,0.9502170085906982,0.950140655040741,0.9368661046028137
"16, 32, 64",0.7348291873931885,0.734490692615509,0.7176800966262817,0.7173912525177002,0.7015305757522583,0.7507668733596802,0.800868034362793,0.7348291873931885,0.7514656782150269,0.7514023780822754,0.7395254373550415
"48, 96, 192",0.7350318431854248,0.8670076727867126,0.9168797731399536,0.9003831148147583,0.900357723236084,0.8670756816864014,0.900306761264801,0.9003576636314392,0.8670076727867126,0.88360196352005,0.8738009333610535
