configuration,iter_0,average
16,0.9335548281669617,0.9335548281669617
"16, 32",0.6843047142028809,0.6843047142028809
"48, 96",0.8171823024749756,0.8171823024749756
"64, 128",0.9501151442527771,0.9501151442527771
"16, 32, 64",0.8670417070388794,0.8670417070388794
"48, 96, 192",0.8670417070388794,0.8670417070388794
