configuration,iter_0,iter_1,iter_2,iter_3,iter_4,iter_5,iter_6,iter_7,iter_8,iter_9,average
32,0.9501533508300781,0.950178861618042,0.9502043128013611,1.0,0.9667773842811584,0.9501661062240601,0.9833759665489197,0.9335548281669617,1.0,0.9168372750282288,0.9601248502731323
64,0.9501661062240601,0.9667943716049194,0.9833759665489197,0.950127899646759,1.0,1.0,0.9833844304084778,0.9833844304084778,0.9833844304084778,0.9667773842811584,0.9767395257949829
128,1.0,1.0,0.9833887219429016,1.0,1.0,0.9833887219429016,1.0,1.0,1.0,1.0,0.9966777563095093
"128, 256",0.9501661062240601,0.9668028354644775,0.950178861618042,1.0,0.9501661062240601,0.9335887432098389,0.9833844304084778,0.9668028354644775,0.9668028354644775,0.9833844304084778,0.9651276469230652
"128, 256, 512",0.9667519330978394,0.9501023292541504,0.950178861618042,0.950178861618042,0.9501533508300781,0.9667603969573975,0.9667519330978394,0.9003322124481201,0.9501151442527771,0.9667519330978394,0.9518076777458191
"128, 256, 512, 1024",0.9169859290122986,0.9002812504768372,0.9170071482658386,0.9168585538864136,0.9335378408432007,0.9002812504768372,0.9169435501098633,0.8836911916732788,0.8836911916732788,0.9667519330978394,0.9136029481887817
"128, 256, 512, 1024, 2048",0.7512120604515076,0.6693794131278992,0.7682119011878967,0.8503836393356323,0.7016067504882812,0.7008438110351562,0.6182329058647156,0.7342192530632019,0.6680285930633545,0.8005114793777466,0.7262629270553589
