augmentation,iter_0,average
Noise,0.8505365252494812,0.8505365252494812
