augmentation,iter_0,average
Noise,0.7723054885864258,0.7723054885864258
