augmentation,iter_0,average
Noise,0.8006644248962402,0.8006644248962402
Scaling,0.8337595462799072,0.8337595462799072
Magnitude Warp,0.8505747318267822,0.8505747318267822
Random Sampling,0.7676200270652771,0.7676200270652771
Flip,0.8671774864196777,0.8671774864196777
Drop,0.7508942484855652,0.7508942484855652
all,0.7675606608390808,0.7675606608390808
