augmentation,iter_0,average
Noise,0.875980019569397,0.875980019569397
Scaling,0.9585714340209961,0.9585714340209961
Magnitude Warp,0.772467851638794,0.772467851638794
Random Sampling,0.8135714530944824,0.8135714530944824
Flip,0.8964285850524902,0.8964285850524902
Drop,0.937901496887207,0.937901496887207
all,0.8138373494148254,0.8138373494148254
