predictor,iter_0,iter_1,iter_2,iter_3,iter_4,iter_5,iter_6,iter_7,iter_8,iter_9,average
1 layer,0.9172019958496094,0.937901496887207,0.9172019958496094,0.8758029937744141,0.875980019569397,0.9172019958496094,0.8963545560836792,0.8965024948120117,0.8756254315376282,0.9170836210250854,0.9026856422424316
2 layers,0.979285717010498,0.9586009979248047,0.979285717010498,0.9585714340209961,1.0,0.979285717010498,1.0,0.9378571510314941,0.979285717010498,0.9793004989624023,0.9751473665237427
3 layers,0.9585714340209961,0.9586009979248047,0.9793004989624023,0.979285717010498,0.9378571510314941,0.9793004989624023,0.937901496887207,0.9172019958496094,1.0,0.9586009979248047,0.9606620669364929
4 layers,0.9378571510314941,0.8755365014076233,0.979285717010498,0.9585714340209961,0.9585714340209961,0.9172610640525818,0.979285717010498,0.979285717010498,0.9378571510314941,0.9378127455711365,0.946132481098175
