predictor,iter_0,average
1 layer,0.8966500163078308,0.8966500163078308
2 layers,0.9378127455711365,0.9378127455711365
3 layers,0.8963545560836792,0.8963545560836792
4 layers,0.9586009979248047,0.9586009979248047
