predictor,iter_0,average
1 layer,0.933486819267273,0.933486819267273
2 layers,0.8836614489555359,0.8836614489555359
3 layers,0.8839285969734192,0.8839285969734192
4 layers,0.9170495271682739,0.9170495271682739
