predictor,iter_0,iter_1,iter_2,iter_3,iter_4,iter_5,iter_6,iter_7,iter_8,iter_9,average
1 layer,0.8671436309814453,0.7501281499862671,0.8340142965316772,0.7344906330108643,0.817415714263916,0.7838321924209595,0.7508942484855652,0.8836614489555359,0.783942699432373,0.7498717308044434,0.7955394983291626
2 layers,0.9168797731399536,0.8339294791221619,0.8173691034317017,0.9169222712516785,0.9335378408432007,0.8836911916732788,0.9170283079147339,0.8505747318267822,0.9003831148147583,0.8336745500564575,0.8803990483283997
3 layers,0.9335378408432007,0.8836911916732788,0.8838692903518677,0.9502043128013611,0.8672114610671997,0.9335038661956787,0.9335208535194397,0.9002302289009094,0.950178861618042,0.8671774864196777,0.9103124737739563
4 layers,0.9170495271682739,0.9003831148147583,0.9004340171813965,0.8341836929321289,0.8335893750190735,0.9335378408432007,0.8836614489555359,0.8835423588752747,0.8671774864196777,0.8175089359283447,0.877106785774231
