predictor,iter_0,iter_1,iter_2,iter_3,iter_4,iter_5,iter_6,iter_7,iter_8,iter_9,average
1 layer,0.9003831148147583,0.7842736840248108,0.8172757625579834,0.783887505531311,0.8506510257720947,0.817088782787323,0.8504983186721802,0.8671096563339233,0.8506891131401062,0.8006644248962402,0.8322521448135376
2 layers,0.8671436309814453,0.950178861618042,0.8173224329948425,0.8837803602218628,0.8836614489555359,0.9002812504768372,0.8837803602218628,0.8337170481681824,0.8505747318267822,0.8839581608772278,0.8754397630691528
3 layers,0.8503453731536865,0.8837506771087646,0.9169435501098633,0.9004340171813965,0.900306761264801,0.950140655040741,0.9335208535194397,0.9169222712516785,0.8838099837303162,0.9002557396888733,0.903643012046814
4 layers,0.9004340171813965,0.8836911916732788,0.8838692903518677,0.9003831148147583,0.9169859290122986,0.9002812504768372,0.8837506175041199,0.900306761264801,0.9169222712516785,0.8835721611976624,0.8970196843147278
