predictor,iter_0,iter_1,iter_2,iter_3,iter_4,iter_5,iter_6,iter_7,iter_8,iter_9,average
1 layer,0.9171428680419922,0.8344039916992188,0.9585714340209961,0.9585714340209961,0.9171428680419922,0.8345221281051636,0.8966500163078308,0.937901496887207,0.9378571510314941,0.8758029937744141,0.9068566560745239
2 layers,0.8757143020629883,0.8758029937744141,0.8964285850524902,0.9378571510314941,0.9172019958496094,0.9172610640525818,0.9171428680419922,0.9378127455711365,0.9171428680419922,0.8964285850524902,0.908879280090332
3 layers,0.9378127455711365,0.9172019958496094,0.9378571510314941,0.9171428680419922,0.9585714340209961,0.9172019958496094,0.9378571510314941,0.9378571510314941,0.9378571510314941,0.979285717010498,0.9378644824028015
4 layers,0.9171428680419922,0.8758029937744141,0.9585714340209961,0.9171428680419922,0.9586009979248047,0.9586009979248047,0.979285717010498,0.9172610640525818,0.9378127455711365,0.9172610640525818,0.9337482452392578
