regularization,iter_0,average
0.1,0.9585418105125427,0.9585418105125427
0.01,0.9378571510314941,0.9378571510314941
0.001,0.9585714340209961,0.9585714340209961
0.0001,0.9585418105125427,0.9585418105125427
0.00001,0.8552068471908569,0.8552068471908569
