regularization,iter_0,average
0.1,0.900153636932373,0.900153636932373
0.01,0.9169010519981384,0.9169010519981384
0.001,0.8503836393356323,0.8503836393356323
0.0001,0.8836614489555359,0.8836614489555359
0.00001,0.883631706237793,0.883631706237793
