regularization,iter_0,average
0.1,0.6133596897125244,0.6133596897125244
0.01,0.5782736539840698,0.5782736539840698
0.001,0.3841555118560791,0.3841555118560791
0.0001,0.570963978767395,0.570963978767395
0.00001,0.5645725131034851,0.5645725131034851
