regularization,iter_0,average
0.1,0.49252599477767944,0.49252599477767944
0.01,0.4924445152282715,0.4924445152282715
0.001,0.3744593858718872,0.3744593858718872
0.0001,0.4295724630355835,0.4295724630355835
0.00001,0.3077470660209656,0.3077470660209656
