regularization,iter_0,iter_1,iter_2,iter_3,iter_4,iter_5,iter_6,iter_7,iter_8,iter_9,average
0.1,0.9378571510314941,0.979285717010498,0.9585714340209961,0.979285717010498,0.9585714340209961,0.9171428680419922,0.979285717010498,0.937901496887207,0.9378571510314941,0.9378571510314941,0.9523614645004272
0.01,0.979285717010498,0.9585714340209961,0.9585714340209961,0.9585714340209961,0.9585714340209961,1.0,0.979285717010498,0.979285717010498,0.979285717010498,0.979285717010498,0.9730714559555054
0.001,0.9378571510314941,0.979285717010498,0.9585714340209961,0.9585714340209961,0.9378571510314941,0.9585714340209961,0.8757143020629883,0.979285717010498,0.979285717010498,0.9585714340209961,0.9523571729660034
0.0001,0.9173200130462646,0.9172019958496094,0.937901496887207,0.9585714340209961,0.8965024948120117,0.9172610640525818,0.9172019958496094,0.979285717010498,0.9172019958496094,0.8966500163078308,0.9255098104476929
0.00001,0.9378571510314941,0.8965024948120117,0.8964285850524902,0.9585714340209961,0.9378571510314941,0.9378571510314941,0.979285717010498,0.9378571510314941,0.9585714340209961,0.9172019958496094,0.9357990026473999
