configuration,iter_0,average
16,0.39727628231048584,0.39727628231048584
"16, 32",0.39097774028778076,0.39097774028778076
"48, 96",0.43085289001464844,0.43085289001464844
"64, 128",0.465795636177063,0.465795636177063
"16, 32, 64",0.29140371084213257,0.29140371084213257
"48, 96, 192",0.25993144512176514,0.25993144512176514
