configuration,iter_0,average
16,0.4745106101036072,0.4745106101036072
"16, 32",0.3807251453399658,0.3807251453399658
"48, 96",0.6445738077163696,0.6445738077163696
"64, 128",0.5611017942428589,0.5611017942428589
"16, 32, 64",0.4179084897041321,0.4179084897041321
"48, 96, 192",0.46574097871780396,0.46574097871780396
