configuration,iter_0,iter_1,iter_2,iter_3,iter_4,iter_5,iter_6,iter_7,iter_8,iter_9,average
16,0.9172019958496094,0.8758915662765503,0.8758915662765503,0.8344039916992188,0.8758029937744141,0.9378571510314941,0.9378571510314941,0.8965762853622437,0.8963545560836792,0.8550000190734863,0.8902837634086609
"16, 32",0.8341672420501709,0.7305217981338501,0.8135714530944824,0.8342857360839844,0.8757143020629883,0.7928571701049805,0.8134381771087646,0.7930049896240234,0.7928571701049805,0.8138374090194702,0.8094255328178406
"48, 96",0.9170836210250854,0.8550000190734863,0.9171428680419922,0.9172610640525818,0.9172019958496094,0.8755365014076233,0.9171428680419922,0.8964285850524902,0.9585714340209961,0.937901496887207,0.9109271168708801
"64, 128",0.979285717010498,0.937901496887207,0.9586009979248047,0.9379457831382751,0.9585714340209961,0.9586009979248047,0.9585714340209961,0.979285717010498,0.937901496887207,0.9379457831382751,0.9544609785079956
"16, 32, 64",0.7927091121673584,0.7512508630752563,0.7719799876213074,0.8341672420501709,0.7930049896240234,0.7305217981338501,0.7721428871154785,0.7721428871154785,0.7931526303291321,0.8134381771087646,0.7824510335922241
"48, 96, 192",0.9585714340209961,0.9585714340209961,0.8756254315376282,0.9585714340209961,0.9171428680419922,0.9585418105125427,0.9585714340209961,0.9585714340209961,0.979285717010498,0.9378571510314941,0.9461309313774109
