regularization,iter_0,average
0.1,0.6004557609558105,0.6004557609558105
0.01,0.6171380281448364,0.6171380281448364
0.001,0.6135661602020264,0.6135661602020264
0.0001,0.5018492341041565,0.5018492341041565
0.00001,0.6715506315231323,0.6715506315231323
