regularization,iter_0,average
0.1,0.7703278660774231,0.7703278660774231
0.01,0.6276276111602783,0.6276276111602783
0.001,0.6772462129592896,0.6772462129592896
0.0001,0.6446142196655273,0.6446142196655273
0.00001,0.7639639377593994,0.7639639377593994
