regularization,iter_0,iter_1,iter_2,iter_3,iter_4,iter_5,iter_6,iter_7,iter_8,iter_9,average
0.1,0.9501533508300781,0.8837803602218628,0.900357723236084,0.8838100433349609,0.9335887432098389,0.9335548281669617,0.9004848003387451,0.9502043128013611,0.9501661062240601,0.950127899646759,0.9236227869987488
0.01,0.9169647693634033,0.8837506175041199,0.9501533508300781,0.9002047181129456,0.9002557396888733,0.9667943716049194,0.8502687215805054,0.9501661062240601,0.9335718154907227,0.9169010519981384,0.9169031381607056
0.001,0.8505365252494812,0.8670417070388794,0.8175554871559143,0.8669736385345459,0.8338870406150818,0.8837506771087646,0.8671096563339233,0.8671774864196777,0.8671774864196777,0.8504983186721802,0.8571707606315613
0.0001,0.8669396042823792,0.88360196352005,0.7836661338806152,0.8670076727867126,0.883631706237793,0.8671096563339233,0.8008171319961548,0.8670076727867126,0.8171823024749756,0.8669736385345459,0.8503937721252441
0.00001,0.8670756816864014,0.9335208535194397,0.9002302289009094,0.8506510257720947,0.8504601120948792,0.9335718154907227,0.9170283079147339,0.9003831148147583,0.9169010519981384,0.9501661062240601,0.9019986987113953
