regularization,iter_0,iter_1,iter_2,iter_3,iter_4,iter_5,iter_6,iter_7,iter_8,iter_9,average
0.1,0.9378127455711365,0.9171428680419922,0.9171428680419922,0.9378571510314941,0.8757143020629883,0.8756254315376282,0.8756254315376282,0.9378571510314941,0.8963545560836792,0.9170836210250854,0.9088215827941895
0.01,0.979285717010498,0.9585714340209961,0.9378571510314941,0.9585714340209961,0.9378571510314941,0.979285717010498,0.979285717010498,0.9793004989624023,0.9378571510314941,1.0,0.9647871851921082
0.001,0.8962804079055786,0.8964285850524902,0.9585418105125427,0.8755365014076233,0.8756254315376282,0.8964285850524902,0.8963545560836792,0.8552068471908569,0.9171428680419922,0.8758029937744141,0.8943347930908203
0.0001,0.9379457831382751,0.9585714340209961,0.9586009979248047,0.9172019958496094,0.9586009979248047,0.9585714340209961,0.9378571510314941,0.9172610640525818,0.937901496887207,0.9378571510314941,0.9420369863510132
0.00001,0.9585714340209961,0.9378571510314941,0.9585714340209961,0.979285717010498,0.9378571510314941,0.8756254315376282,0.9378571510314941,0.9585714340209961,0.9171428680419922,0.9171428680419922,0.9378482699394226
