configuration,iter_0,iter_1,iter_2,iter_3,iter_4,iter_5,iter_6,iter_7,iter_8,iter_9,average
16,0.9002302289009094,0.9168585538864136,0.883512556552887,0.9002557396888733,0.8504219055175781,0.8668714761734009,0.883631706237793,0.9335208535194397,0.88360196352005,0.8835423588752747,0.8902446627616882
"16, 32",0.7010730504989624,0.8172290325164795,0.734151303768158,0.7508305311203003,0.7344228625297546,0.783942699432373,0.7008436918258667,0.7673823833465576,0.7512120604515076,0.8338870406150818,0.7574974894523621
"48, 96",0.9002302289009094,0.8505365252494812,0.8837803602218628,0.9169435501098633,0.8000512719154358,0.9167733788490295,0.9169647693634033,0.8506128787994385,0.8838989734649658,0.8336319327354431,0.8753423690795898
"64, 128",0.8669396042823792,0.8671774864196777,0.9169435501098633,0.8837209343910217,0.8504983186721802,0.8669396042823792,0.8835721611976624,0.8671436309814453,0.8835423588752747,0.9003322124481201,0.8786810040473938
"16, 32, 64",0.7673824429512024,0.8005625009536743,0.7507668733596802,0.7837768793106079,0.8172757625579834,0.7004608511924744,0.7675606608390808,0.8338445425033569,0.8171823024749756,0.8003583550453186,0.7839170694351196
"48, 96, 192",0.9168372750282288,0.9002812504768372,0.9003322124481201,0.9169435501098633,0.9667519330978394,0.9335378408432007,0.9335718154907227,0.9169859290122986,0.9335378408432007,0.8838099837303162,0.9202588796615601
