configuration,iter_0,iter_1,iter_2,iter_3,iter_4,iter_5,iter_6,iter_7,iter_8,iter_9,average
16,0.9171428680419922,0.9378127455711365,0.9172019958496094,0.9171428680419922,0.9170243144035339,0.979285717010498,0.9585418105125427,0.9170836210250854,0.9378127455711365,0.9585418105125427,0.9357590675354004
"16, 32",0.8137044906616211,0.8756254315376282,0.8757143020629883,0.8341672420501709,0.8550000190734863,0.8551034927368164,0.8340486288070679,0.8134381771087646,0.8756254315376282,0.8963545560836792,0.852878212928772
"48, 96",1.0,0.9585418105125427,0.9378571510314941,0.9792709350585938,1.0,0.9586009979248047,0.9586305022239685,0.979285717010498,0.9378571510314941,0.9378571510314941,0.9647901654243469
"64, 128",0.9585418105125427,0.9585714340209961,1.0,0.9378127455711365,0.9792709350585938,0.979285717010498,0.9586009979248047,0.9585121870040894,0.9585714340209961,0.9585714340209961,0.9647738337516785
"16, 32, 64",0.8552068471908569,0.8965024948120117,0.9378571510314941,0.8758029937744141,0.8757143020629883,0.8758029937744141,0.8551034927368164,0.8964285850524902,0.9172610640525818,0.8344039916992188,0.8820083737373352
"48, 96, 192",0.9585418105125427,0.8963545560836792,0.9171428680419922,0.9171428680419922,0.8756254315376282,0.9585418105125427,0.8964285850524902,0.8550000190734863,0.9585418105125427,0.8755365014076233,0.9108856320381165
