configuration,iter_0,average
16,0.9586009979248047,0.9586009979248047
"16, 32",0.8340486288070679,0.8340486288070679
"48, 96",0.8964285850524902,0.8964285850524902
"64, 128",0.9170836210250854,0.9170836210250854
"16, 32, 64",0.8963545560836792,0.8963545560836792
"48, 96, 192",0.9378127455711365,0.9378127455711365
