configuration,iter_0,average
16,0.9002557396888733,0.9002557396888733
"16, 32",0.8838099837303162,0.8838099837303162
"48, 96",0.9667519330978394,0.9667519330978394
"64, 128",0.8506128787994385,0.8506128787994385
"16, 32, 64",0.7508305311203003,0.7508305311203003
"48, 96, 192",0.8836614489555359,0.8836614489555359
