configuration,iter_0,iter_1,iter_2,iter_3,iter_4,iter_5,iter_6,iter_7,iter_8,iter_9,average
16,0.9667773842811584,0.9667689204216003,0.9667603969573975,0.9003576636314392,0.9502043128013611,0.950140655040741,0.950127899646759,0.8338021039962769,0.8673469424247742,0.9335718154907227,0.9285858273506165
"16, 32",0.7679163217544556,0.7677386403083801,0.7352342009544373,0.7512120008468628,0.7840531468391418,0.7679163217544556,0.7842736840248108,0.7506393790245056,0.7837215662002563,0.7350993752479553,0.762780487537384
"48, 96",0.8172757625579834,0.8671435713768005,0.9170283079147339,0.9170706868171692,0.9169434905052185,0.9169434905052185,0.9170495271682739,0.9502043128013611,0.9170071482658386,0.9169435501098633,0.905360996723175
"64, 128",0.9004594087600708,0.9501915574073792,0.9667943716049194,0.8836911916732788,0.9833844304084778,0.9335208535194397,0.9501661062240601,0.9335208535194397,0.9335208535194397,0.9002557396888733,0.9335506558418274
"16, 32, 64",0.7015306353569031,0.6515190005302429,0.6679438352584839,0.6525833606719971,0.7179683446884155,0.7011494636535645,0.6843854188919067,0.7346261739730835,0.7179683446884155,0.6847881078720093,0.6914463043212891
"48, 96, 192",0.8505365252494812,0.900306761264801,0.9169647693634033,0.9667603969573975,0.8670756816864014,0.9168585538864136,0.8671096563339233,0.8171823024749756,0.950140655040741,0.9004085659980774,0.8953344225883484
